total_return,annualized_return,volatility,max_drawdown,sharpe_ratio,total_days,positive_days,negative_days
3.8419441860309473,4.044507219531627,0.06597884069692721,-0.2808791613953612,1.7182580272417254,356,178,177
